produit,handle,product_id,fichier,largeur,alt,indice,url
Cloud Walk,cloud-walk-all-day-comfort,8345983189184,23_1.webp,1000,,inconnu,https://cdn.shopify.com/s/files/1/0720/8163/7568/files/23_1.webp?v=1778840210
Cloud Walk,cloud-walk-all-day-comfort,8345983189184,cloud-walk-multicolor.webp,800,,inconnu,https://cdn.shopify.com/s/files/1/0720/8163/7568/files/cloud-walk-multicolor.webp?v=1773983251
Cloud Walk,cloud-walk-all-day-comfort,8345983189184,Barefootcloudwalk.webp,1000,,inconnu,https://cdn.shopify.com/s/files/1/0720/8163/7568/files/Barefootcloudwalk.webp?v=1774254989
Cloud Walk,cloud-walk-all-day-comfort,8345983189184,25_1.webp,1000,,inconnu,https://cdn.shopify.com/s/files/1/0720/8163/7568/files/25_1.webp?v=1778840210
Cloud Walk,cloud-walk-all-day-comfort,8345983189184,cloud-walk-grey-2.webp,800,,inconnu,https://cdn.shopify.com/s/files/1/0720/8163/7568/files/cloud-walk-grey-2.webp?v=1773983206
Cloud Walk,cloud-walk-all-day-comfort,8345983189184,7_9.webp,1000,,inconnu,https://cdn.shopify.com/s/files/1/0720/8163/7568/files/7_9.webp?v=1778840210
Cloud Walk,cloud-walk-all-day-comfort,8345983189184,cloud-walk-white.webp,800,,inconnu,https://cdn.shopify.com/s/files/1/0720/8163/7568/files/cloud-walk-white.webp?v=1773983206
Cloud Walk,cloud-walk-all-day-comfort,8345983189184,29_3.webp,1000,,inconnu,https://cdn.shopify.com/s/files/1/0720/8163/7568/files/29_3.webp?v=1778840211
Cloud Walk,cloud-walk-all-day-comfort,8345983189184,cloud-walk-blue_8663db17-7b2c-494e-b43b-453203ea488f.webp,800,,inconnu,https://cdn.shopify.com/s/files/1/0720/8163/7568/files/cloud-walk-blue_8663db17-7b2c-494e-b43b-453203ea488f.webp?v=1774339323
Cloud Walk,cloud-walk-all-day-comfort,8345983189184,15_1.webp,1000,,inconnu,https://cdn.shopify.com/s/files/1/0720/8163/7568/files/15_1.webp?v=1778840211
Cloud Walk,cloud-walk-all-day-comfort,8345983189184,cloud-walk-olive-green_0ebfa926-cdbc-4805-b08c-678e0ef0ec2d.webp,800,,inconnu,https://cdn.shopify.com/s/files/1/0720/8163/7568/files/cloud-walk-olive-green_0ebfa926-cdbc-4805-b08c-678e0ef0ec2d.webp?v=1774339323
Cloud Walk,cloud-walk-all-day-comfort,8345983189184,9_3.webp,1000,,inconnu,https://cdn.shopify.com/s/files/1/0720/8163/7568/files/9_3.webp?v=1778840210
Cloud Walk,cloud-walk-all-day-comfort,8345983189184,cloud-walk-black-amber.webp,800,,inconnu,https://cdn.shopify.com/s/files/1/0720/8163/7568/files/cloud-walk-black-amber.webp?v=1774339323
Cloud Walk,cloud-walk-all-day-comfort,8345983189184,3_18.webp,1000,,inconnu,https://cdn.shopify.com/s/files/1/0720/8163/7568/files/3_18.webp?v=1778840210
Cloud Walk,cloud-walk-all-day-comfort,8345983189184,cloud-walk-off-white.webp,800,,inconnu,https://cdn.shopify.com/s/files/1/0720/8163/7568/files/cloud-walk-off-white.webp?v=1774339323
Cloud Walk,cloud-walk-all-day-comfort,8345983189184,1_20.webp,1000,,inconnu,https://cdn.shopify.com/s/files/1/0720/8163/7568/files/1_20.webp?v=1778840211
Cloud Walk,cloud-walk-all-day-comfort,8345983189184,cloud-walk-beige.webp,800,,inconnu,https://cdn.shopify.com/s/files/1/0720/8163/7568/files/cloud-walk-beige.webp?v=1774339323
Cloud Walk,cloud-walk-all-day-comfort,8345983189184,17_b11a56ed-c4e8-4a4d-9ad3-7b6fc87a6858.webp,1000,,inconnu,https://cdn.shopify.com/s/files/1/0720/8163/7568/files/17_b11a56ed-c4e8-4a4d-9ad3-7b6fc87a6858.webp?v=1778840211
Cloud Walk,cloud-walk-all-day-comfort,8345983189184,cloud-walk-caramel.webp,800,,inconnu,https://cdn.shopify.com/s/files/1/0720/8163/7568/files/cloud-walk-caramel.webp?v=1774339323
Cloud Walk,cloud-walk-all-day-comfort,8345983189184,11_6.webp,1000,,inconnu,https://cdn.shopify.com/s/files/1/0720/8163/7568/files/11_6.webp?v=1778840210
Cloud Walk,cloud-walk-all-day-comfort,8345983189184,cloud-walk-grey-amber_b196be48-029f-4556-ab40-fb6924726300.webp,800,,inconnu,https://cdn.shopify.com/s/files/1/0720/8163/7568/files/cloud-walk-grey-amber_b196be48-029f-4556-ab40-fb6924726300.webp?v=1774339323
Cloud Walk,cloud-walk-all-day-comfort,8345983189184,31.webp,1000,,inconnu,https://cdn.shopify.com/s/files/1/0720/8163/7568/files/31.webp?v=1778840340
Cloud Walk,cloud-walk-all-day-comfort,8345983189184,cloud-walk-salmon-pink.webp,800,,inconnu,https://cdn.shopify.com/s/files/1/0720/8163/7568/files/cloud-walk-salmon-pink.webp?v=1774339323
Cloud Walk,cloud-walk-all-day-comfort,8345983189184,5_7.webp,1000,,inconnu,https://cdn.shopify.com/s/files/1/0720/8163/7568/files/5_7.webp?v=1778840460
Cloud Walk,cloud-walk-all-day-comfort,8345983189184,cloud-walk-khaki-green.webp,800,,inconnu,https://cdn.shopify.com/s/files/1/0720/8163/7568/files/cloud-walk-khaki-green.webp?v=1774339323
Cloud Walk,cloud-walk-all-day-comfort,8345983189184,13_3.webp,1000,,inconnu,https://cdn.shopify.com/s/files/1/0720/8163/7568/files/13_3.webp?v=1778840210
Cloud Walk,cloud-walk-all-day-comfort,8345983189184,cloud-walk-ful-black.webp,800,,inconnu,https://cdn.shopify.com/s/files/1/0720/8163/7568/files/cloud-walk-ful-black.webp?v=1774339323
Cloud Walk,cloud-walk-all-day-comfort,8345983189184,19_2.webp,1000,,inconnu,https://cdn.shopify.com/s/files/1/0720/8163/7568/files/19_2.webp?v=1778840210
Cloud Walk,cloud-walk-all-day-comfort,8345983189184,cloud-walk-pastel-pink_ecf54ce9-2a5f-4b5c-9f9a-88380080dff9.webp,800,,inconnu,https://cdn.shopify.com/s/files/1/0720/8163/7568/files/cloud-walk-pastel-pink_ecf54ce9-2a5f-4b5c-9f9a-88380080dff9.webp?v=1774339323
Cloud Walk,cloud-walk-all-day-comfort,8345983189184,33_1.webp,1000,,inconnu,https://cdn.shopify.com/s/files/1/0720/8163/7568/files/33_1.webp?v=1778840210
Cloud Walk,cloud-walk-all-day-comfort,8345983189184,cloud-walk-navy-blue.webp,800,,inconnu,https://cdn.shopify.com/s/files/1/0720/8163/7568/files/cloud-walk-navy-blue.webp?v=1774339323
Cloud Walk,cloud-walk-all-day-comfort,8345983189184,35.webp,1000,,inconnu,https://cdn.shopify.com/s/files/1/0720/8163/7568/files/35.webp?v=1778840328
Cloud Walk,cloud-walk-all-day-comfort,8345983189184,cloud-walk-black-white.webp,800,,inconnu,https://cdn.shopify.com/s/files/1/0720/8163/7568/files/cloud-walk-black-white.webp?v=1774339323
Cloud Walk,cloud-walk-all-day-comfort,8345983189184,21_1.webp,1000,,inconnu,https://cdn.shopify.com/s/files/1/0720/8163/7568/files/21_1.webp?v=1778840210
Cloud Walk,cloud-walk-all-day-comfort,8345983189184,cloud-walk-purple_f35a4f03-7616-4d12-84ab-4db564043d8b.webp,800,,inconnu,https://cdn.shopify.com/s/files/1/0720/8163/7568/files/cloud-walk-purple_f35a4f03-7616-4d12-84ab-4db564043d8b.webp?v=1774339323
Cloud Walk,cloud-walk-all-day-comfort,8345983189184,27_1.webp,1000,,inconnu,https://cdn.shopify.com/s/files/1/0720/8163/7568/files/27_1.webp?v=1778840210
Cloud Walk,cloud-walk-all-day-comfort,8345983189184,cloud-walk-full-white.webp,800,,inconnu,https://cdn.shopify.com/s/files/1/0720/8163/7568/files/cloud-walk-full-white.webp?v=1774339323
Cloud Walk,cloud-walk-all-day-comfort,8345983189184,Cloud_Walk_Leopard.webp,800,,inconnu,https://cdn.shopify.com/s/files/1/0720/8163/7568/files/Cloud_Walk_Leopard.webp?v=1784273708
Cloud Walk,cloud-walk-all-day-comfort,8345983189184,Leopard_3_bistro.webp,1600,,inconnu,https://cdn.shopify.com/s/files/1/0720/8163/7568/files/Leopard_3_bistro.webp?v=1784295858
Cloud Walk,cloud-walk-all-day-comfort,8345983189184,Cloud_Walk_Checkerboard.webp,1024,,inconnu,https://cdn.shopify.com/s/files/1/0720/8163/7568/files/Cloud_Walk_Checkerboard.webp?v=1784273709
Cloud Walk,cloud-walk-all-day-comfort,8345983189184,Damier_3_courtyard.webp,1600,,inconnu,https://cdn.shopify.com/s/files/1/0720/8163/7568/files/Damier_3_courtyard.webp?v=1784295871
Cloud Walk,cloud-walk-all-day-comfort,8345983189184,Cloud_Walk_Sand_Leopard.webp,800,Cloud Walk Sand Leopard,inconnu,https://cdn.shopify.com/s/files/1/0720/8163/7568/files/Cloud_Walk_Sand_Leopard.webp?v=1786519912
Cloud Walk,cloud-walk-all-day-comfort,8345983189184,Cloud_Walk_Sand_Leopard_lifestyle_v3.webp,1000,Cloud Walk Sand Leopard worn at home in September,lifestyle,https://cdn.shopify.com/s/files/1/0720/8163/7568/files/Cloud_Walk_Sand_Leopard_lifestyle_v3.webp?v=1786546536
Cloud Walk,cloud-walk-all-day-comfort,8345983189184,Cloud_Walk_Brown_Black.webp,800,Cloud Walk Brown Black,inconnu,https://cdn.shopify.com/s/files/1/0720/8163/7568/files/Cloud_Walk_Brown_Black.webp?v=1786519913
Cloud Walk,cloud-walk-all-day-comfort,8345983189184,Cloud_Walk_Brown_Black_lifestyle_v3.webp,1000,Cloud Walk Brown Black worn on a cobbled street in September,lifestyle,https://cdn.shopify.com/s/files/1/0720/8163/7568/files/Cloud_Walk_Brown_Black_lifestyle_v3.webp?v=1786546536
Cloud Walk,cloud-walk-all-day-comfort,8345983189184,Cloud_Walk_Full_Grey.webp,800,Cloud Walk Full Grey,inconnu,https://cdn.shopify.com/s/files/1/0720/8163/7568/files/Cloud_Walk_Full_Grey.webp?v=1786519913
Cloud Walk,cloud-walk-all-day-comfort,8345983189184,Cloud_Walk_Full_Grey_lifestyle_v3.webp,800,Cloud Walk Full Grey worn on a park path in September,lifestyle,https://cdn.shopify.com/s/files/1/0720/8163/7568/files/Cloud_Walk_Full_Grey_lifestyle_v3.webp?v=1786546536
Cloud Walk,cloud-walk-all-day-comfort,8345983189184,Cloud_Walk_Full_Beige.webp,800,Cloud Walk Full Beige,inconnu,https://cdn.shopify.com/s/files/1/0720/8163/7568/files/Cloud_Walk_Full_Beige.webp?v=1786519912
Cloud Walk,cloud-walk-all-day-comfort,8345983189184,Cloud_Walk_Full_Beige_lifestyle_v3.webp,1000,Cloud Walk Full Beige worn on a garden patio in September,lifestyle,https://cdn.shopify.com/s/files/1/0720/8163/7568/files/Cloud_Walk_Full_Beige_lifestyle_v3.webp?v=1786546536
Cloud Walk Love,cloud-walk-valentine-day-edition-all-day-barefoot-comfort-with-style,8406996943040,nimbao-wd5eedb6c-cloud-walk-love-red-valentine.webp,1080,Cloud Walk Love Red Valentine,inconnu,https://cdn.shopify.com/s/files/1/0720/8163/7568/files/nimbao-wd5eedb6c-cloud-walk-love-red-valentine.webp?v=1786444535
Cloud Walk Love,cloud-walk-valentine-day-edition-all-day-barefoot-comfort-with-style,8406996943040,cloud-walk-red-valentine.webp,800,,inconnu,https://cdn.shopify.com/s/files/1/0720/8163/7568/files/cloud-walk-red-valentine.webp?v=1773979363
Cloud Walk Love,cloud-walk-valentine-day-edition-all-day-barefoot-comfort-with-style,8406996943040,nimbao-w2037d379-cloud-walk-love-pink-sparkle.webp,1080,Cloud Walk Love Pink Sparkle,inconnu,https://cdn.shopify.com/s/files/1/0720/8163/7568/files/nimbao-w2037d379-cloud-walk-love-pink-sparkle.webp?v=1786444535
Cloud Walk Love,cloud-walk-valentine-day-edition-all-day-barefoot-comfort-with-style,8406996943040,cloud-walk-pink-sparkle.webp,4096,,inconnu,https://cdn.shopify.com/s/files/1/0720/8163/7568/files/cloud-walk-pink-sparkle.webp?v=1774254989
Cloud Walk Love,cloud-walk-valentine-day-edition-all-day-barefoot-comfort-with-style,8406996943040,nimbao-wac8264e5-cloud-walk-love-pink-romance.webp,1080,Cloud Walk Love Pink Romance,inconnu,https://cdn.shopify.com/s/files/1/0720/8163/7568/files/nimbao-wac8264e5-cloud-walk-love-pink-romance.webp?v=1786444535
Cloud Walk Love,cloud-walk-valentine-day-edition-all-day-barefoot-comfort-with-style,8406996943040,cloud-walk-pink-romance.webp,800,,inconnu,https://cdn.shopify.com/s/files/1/0720/8163/7568/files/cloud-walk-pink-romance.webp?v=1776400094
Cloud Walk Love,cloud-walk-valentine-day-edition-all-day-barefoot-comfort-with-style,8406996943040,nimbao-wb5d6a393-cloud-walk-love-pastel-love.webp,1080,Cloud Walk Love Pastel Love,inconnu,https://cdn.shopify.com/s/files/1/0720/8163/7568/files/nimbao-wb5d6a393-cloud-walk-love-pastel-love.webp?v=1786444535
Cloud Walk Love,cloud-walk-valentine-day-edition-all-day-barefoot-comfort-with-style,8406996943040,cloud-walk-pastel-love.webp,800,,inconnu,https://cdn.shopify.com/s/files/1/0720/8163/7568/files/cloud-walk-pastel-love.webp?v=1774254989
Cloud Walk Love,cloud-walk-valentine-day-edition-all-day-barefoot-comfort-with-style,8406996943040,nimbao-w65032a8f-cloud-walk-love-black-love.webp,1080,Cloud Walk Love Black Love,inconnu,https://cdn.shopify.com/s/files/1/0720/8163/7568/files/nimbao-w65032a8f-cloud-walk-love-black-love.webp?v=1786444535
Cloud Walk Love,cloud-walk-valentine-day-edition-all-day-barefoot-comfort-with-style,8406996943040,cloudwalk-blacklove.webp,800,,inconnu,https://cdn.shopify.com/s/files/1/0720/8163/7568/files/cloudwalk-blacklove.webp?v=1774254989
Cloud Walk Classic,cloud-walk-winter-edition-all-day-barefoot-comfort-with-style,8427383783616,nimbao-w2-2ed7ba86-cl-navy-blue.webp,1080,Cloud Walk Classic Navy Blue,inconnu,https://cdn.shopify.com/s/files/1/0720/8163/7568/files/nimbao-w2-2ed7ba86-cl-navy-blue.webp?v=1786444785
Cloud Walk Classic,cloud-walk-winter-edition-all-day-barefoot-comfort-with-style,8427383783616,cloud-walk-navy-blue_63c332cf-7901-477f-bc59-5a173fd38aaa.webp,800,,inconnu,https://cdn.shopify.com/s/files/1/0720/8163/7568/files/cloud-walk-navy-blue_63c332cf-7901-477f-bc59-5a173fd38aaa.webp?v=1773736480
Cloud Walk Classic,cloud-walk-winter-edition-all-day-barefoot-comfort-with-style,8427383783616,nimbao-w2-a1a91fd5-cl-black-white.webp,1080,Cloud Walk Classic Black / White,inconnu,https://cdn.shopify.com/s/files/1/0720/8163/7568/files/nimbao-w2-a1a91fd5-cl-black-white.webp?v=1786444786
Cloud Walk Classic,cloud-walk-winter-edition-all-day-barefoot-comfort-with-style,8427383783616,cloud-walk-black-white_8c9e443f-dc00-4a85-a2f5-cdaad78c9a30.webp,800,,inconnu,https://cdn.shopify.com/s/files/1/0720/8163/7568/files/cloud-walk-black-white_8c9e443f-dc00-4a85-a2f5-cdaad78c9a30.webp?v=1773736480
Cloud Walk Classic,cloud-walk-winter-edition-all-day-barefoot-comfort-with-style,8427383783616,nimbao-w2-332f1b26-cl-full-black.webp,1000,Cloud Walk Classic Full Black,inconnu,https://cdn.shopify.com/s/files/1/0720/8163/7568/files/nimbao-w2-332f1b26-cl-full-black.webp?v=1786444785
Cloud Walk Classic,cloud-walk-winter-edition-all-day-barefoot-comfort-with-style,8427383783616,cloud-walk-ful-black_cd76c263-9bf0-405d-8ba1-08f9406531d0.webp,800,,inconnu,https://cdn.shopify.com/s/files/1/0720/8163/7568/files/cloud-walk-ful-black_cd76c263-9bf0-405d-8ba1-08f9406531d0.webp?v=1773736480
Cloud Walk Classic,cloud-walk-winter-edition-all-day-barefoot-comfort-with-style,8427383783616,nimbao-w2-ab60086b-cl-forest-green.webp,1080,Cloud Walk Classic Forest Green,inconnu,https://cdn.shopify.com/s/files/1/0720/8163/7568/files/nimbao-w2-ab60086b-cl-forest-green.webp?v=1786444785
Cloud Walk Classic,cloud-walk-winter-edition-all-day-barefoot-comfort-with-style,8427383783616,cloud-walk-forrest-green.webp,4096,,inconnu,https://cdn.shopify.com/s/files/1/0720/8163/7568/files/cloud-walk-forrest-green.webp?v=1773736618
Cloud Walk Classic,cloud-walk-winter-edition-all-day-barefoot-comfort-with-style,8427383783616,nimbao-w2-efc732e1-cl-plum-purple.webp,1080,Cloud Walk Classic Plum purple,inconnu,https://cdn.shopify.com/s/files/1/0720/8163/7568/files/nimbao-w2-efc732e1-cl-plum-purple.webp?v=1786444786
Cloud Walk Classic,cloud-walk-winter-edition-all-day-barefoot-comfort-with-style,8427383783616,cloud-walk-plum-purple.webp,800,,inconnu,https://cdn.shopify.com/s/files/1/0720/8163/7568/files/cloud-walk-plum-purple.webp?v=1773737237
Cloud Walk Classic,cloud-walk-winter-edition-all-day-barefoot-comfort-with-style,8427383783616,nimbao-w2-2c429c6f-cl-black-amber.webp,1000,Cloud Walk Classic Black / Amber,inconnu,https://cdn.shopify.com/s/files/1/0720/8163/7568/files/nimbao-w2-2c429c6f-cl-black-amber.webp?v=1786444786
Cloud Walk Classic,cloud-walk-winter-edition-all-day-barefoot-comfort-with-style,8427383783616,cloud-walk-black-amber_432614ea-541e-4e9d-ae59-594d8d7dbc11.webp,800,,inconnu,https://cdn.shopify.com/s/files/1/0720/8163/7568/files/cloud-walk-black-amber_432614ea-541e-4e9d-ae59-594d8d7dbc11.webp?v=1773737237
Cloud Walk Classic,cloud-walk-winter-edition-all-day-barefoot-comfort-with-style,8427383783616,nimbao-w2-ab6d4148-cl-caramel-white.webp,1080,Cloud Walk Classic Caramel / White,inconnu,https://cdn.shopify.com/s/files/1/0720/8163/7568/files/nimbao-w2-ab6d4148-cl-caramel-white.webp?v=1786444785
Cloud Walk Classic,cloud-walk-winter-edition-all-day-barefoot-comfort-with-style,8427383783616,cloud-walk-caramel-white.webp,800,,inconnu,https://cdn.shopify.com/s/files/1/0720/8163/7568/files/cloud-walk-caramel-white.webp?v=1776399848
Cloud Walk Classic,cloud-walk-winter-edition-all-day-barefoot-comfort-with-style,8427383783616,nimbao-w2-a271e087-cl-grey.webp,1000,Cloud Walk Classic Grey,inconnu,https://cdn.shopify.com/s/files/1/0720/8163/7568/files/nimbao-w2-a271e087-cl-grey.webp?v=1786444786
Cloud Walk Classic,cloud-walk-winter-edition-all-day-barefoot-comfort-with-style,8427383783616,cloud-walk-grey.webp,800,,inconnu,https://cdn.shopify.com/s/files/1/0720/8163/7568/files/cloud-walk-grey.webp?v=1776399848
Cloud Walk Classic,cloud-walk-winter-edition-all-day-barefoot-comfort-with-style,8427383783616,nimbao-w2-7fe46d0a-cl-olive-green.webp,1000,Cloud Walk Classic Olive green,inconnu,https://cdn.shopify.com/s/files/1/0720/8163/7568/files/nimbao-w2-7fe46d0a-cl-olive-green.webp?v=1786444786
Cloud Walk Classic,cloud-walk-winter-edition-all-day-barefoot-comfort-with-style,8427383783616,cloud-walk-olive-green_9a89f8ed-14e2-4406-a2eb-14933349df7d.webp,800,,inconnu,https://cdn.shopify.com/s/files/1/0720/8163/7568/files/cloud-walk-olive-green_9a89f8ed-14e2-4406-a2eb-14933349df7d.webp?v=1776399848
Cloud Walk Classic,cloud-walk-winter-edition-all-day-barefoot-comfort-with-style,8427383783616,nimbao-w2-4dde404e-cl-khaki-green.webp,1000,Cloud Walk Classic Khaki Green,inconnu,https://cdn.shopify.com/s/files/1/0720/8163/7568/files/nimbao-w2-4dde404e-cl-khaki-green.webp?v=1786444785
Cloud Walk Classic,cloud-walk-winter-edition-all-day-barefoot-comfort-with-style,8427383783616,cloud-walk-khaki-green_78057c8f-c1af-45a3-868b-5bad43cb0b1e.webp,800,,inconnu,https://cdn.shopify.com/s/files/1/0720/8163/7568/files/cloud-walk-khaki-green_78057c8f-c1af-45a3-868b-5bad43cb0b1e.webp?v=1776399848
Cloud Walk Classic,cloud-walk-winter-edition-all-day-barefoot-comfort-with-style,8427383783616,nimbao-w2-5a9fdf51-cl-espresso-brown.webp,1080,Cloud Walk Classic Espresso Brown,inconnu,https://cdn.shopify.com/s/files/1/0720/8163/7568/files/nimbao-w2-5a9fdf51-cl-espresso-brown.webp?v=1786444785
Cloud Walk Classic,cloud-walk-winter-edition-all-day-barefoot-comfort-with-style,8427383783616,cloud-walk-espresso-brown.webp,800,,inconnu,https://cdn.shopify.com/s/files/1/0720/8163/7568/files/cloud-walk-espresso-brown.webp?v=1776399848
Cloud Walk Classic,cloud-walk-winter-edition-all-day-barefoot-comfort-with-style,8427383783616,nimbao-w2-37414251-cl-full-white.webp,1000,Cloud Walk Classic Full White,inconnu,https://cdn.shopify.com/s/files/1/0720/8163/7568/files/nimbao-w2-37414251-cl-full-white.webp?v=1786444786
Cloud Walk Classic,cloud-walk-winter-edition-all-day-barefoot-comfort-with-style,8427383783616,cloud-walk-full-white_48d52afb-ee32-4c37-9719-1f86210f9bff.webp,800,,inconnu,https://cdn.shopify.com/s/files/1/0720/8163/7568/files/cloud-walk-full-white_48d52afb-ee32-4c37-9719-1f86210f9bff.webp?v=1776399848
Cloud Walk Classic,cloud-walk-winter-edition-all-day-barefoot-comfort-with-style,8427383783616,nimbao-w2-921b0746-cl-white.webp,1000,Cloud Walk Classic White,inconnu,https://cdn.shopify.com/s/files/1/0720/8163/7568/files/nimbao-w2-921b0746-cl-white.webp?v=1786444786
Cloud Walk Classic,cloud-walk-winter-edition-all-day-barefoot-comfort-with-style,8427383783616,cloud-walk-white_bd096275-630e-47c5-a99a-fc9e8e4fdf9b.webp,800,,inconnu,https://cdn.shopify.com/s/files/1/0720/8163/7568/files/cloud-walk-white_bd096275-630e-47c5-a99a-fc9e8e4fdf9b.webp?v=1776399848
Cloud Walk Classic,cloud-walk-winter-edition-all-day-barefoot-comfort-with-style,8427383783616,nimbao-w2-49da01ed-cl-terracotta.webp,1080,Cloud Walk Classic Terracotta,inconnu,https://cdn.shopify.com/s/files/1/0720/8163/7568/files/nimbao-w2-49da01ed-cl-terracotta.webp?v=1786444786
Cloud Walk Classic,cloud-walk-winter-edition-all-day-barefoot-comfort-with-style,8427383783616,cloud_walk_terracotta_1.webp,1080,,inconnu,https://cdn.shopify.com/s/files/1/0720/8163/7568/files/cloud_walk_terracotta_1.webp?v=1776399848
Cloud Walk Multicolor,cloud-walk-muliticolors-edition-all-day-barefoot-comfort-with-style,8427952242880,nimbao-w2-c7fde261-mu-blue-pink.webp,1080,Cloud Walk Multicolor Blue Pink Multicolor,inconnu,https://cdn.shopify.com/s/files/1/0720/8163/7568/files/nimbao-w2-c7fde261-mu-blue-pink.webp?v=1786444833
Cloud Walk Multicolor,cloud-walk-muliticolors-edition-all-day-barefoot-comfort-with-style,8427952242880,cloud-walk-blue-pink.webp,800,,inconnu,https://cdn.shopify.com/s/files/1/0720/8163/7568/files/cloud-walk-blue-pink.webp?v=1773740648
Cloud Walk Multicolor,cloud-walk-muliticolors-edition-all-day-barefoot-comfort-with-style,8427952242880,nimbao-w2-05a43f21-mu-multicolor.webp,1000,Cloud Walk Multicolor Multicolor,inconnu,https://cdn.shopify.com/s/files/1/0720/8163/7568/files/nimbao-w2-05a43f21-mu-multicolor.webp?v=1786444833
Cloud Walk Multicolor,cloud-walk-muliticolors-edition-all-day-barefoot-comfort-with-style,8427952242880,nimbao-w2-ce4ba3d2-mu-navy-blue.webp,1080,Cloud Walk Multicolor Navy Blue Multicolor,inconnu,https://cdn.shopify.com/s/files/1/0720/8163/7568/files/nimbao-w2-ce4ba3d2-mu-navy-blue.webp?v=1786444833
Cloud Walk Multicolor,cloud-walk-muliticolors-edition-all-day-barefoot-comfort-with-style,8427952242880,cloud-walk-navy-multicolor.webp,800,,inconnu,https://cdn.shopify.com/s/files/1/0720/8163/7568/files/cloud-walk-navy-multicolor.webp?v=1773983251
Cloud Walk Multicolor,cloud-walk-muliticolors-edition-all-day-barefoot-comfort-with-style,8427952242880,nimbao-w2-a723d1ca-mu-orange.webp,1080,Cloud Walk Multicolor Orange Multicolor,inconnu,https://cdn.shopify.com/s/files/1/0720/8163/7568/files/nimbao-w2-a723d1ca-mu-orange.webp?v=1786444833
Cloud Walk Multicolor,cloud-walk-muliticolors-edition-all-day-barefoot-comfort-with-style,8427952242880,cloud-walk-orange-multicolor.webp,800,,inconnu,https://cdn.shopify.com/s/files/1/0720/8163/7568/files/cloud-walk-orange-multicolor.webp?v=1773983251
Cloud Walk Multicolor,cloud-walk-muliticolors-edition-all-day-barefoot-comfort-with-style,8427952242880,nimbao-w2-daf02d24-mu-black.webp,1080,Cloud Walk Multicolor Black Multicolor,inconnu,https://cdn.shopify.com/s/files/1/0720/8163/7568/files/nimbao-w2-daf02d24-mu-black.webp?v=1786444833
Cloud Walk Multicolor,cloud-walk-muliticolors-edition-all-day-barefoot-comfort-with-style,8427952242880,cloud-walk-black-multicolor.webp,800,,inconnu,https://cdn.shopify.com/s/files/1/0720/8163/7568/files/cloud-walk-black-multicolor.webp?v=1773983251
Cloud Walk Multicolor,cloud-walk-muliticolors-edition-all-day-barefoot-comfort-with-style,8427952242880,nimbao-w2-97001864-mu-grey.webp,1080,Cloud Walk Multicolor Grey Multicolor,inconnu,https://cdn.shopify.com/s/files/1/0720/8163/7568/files/nimbao-w2-97001864-mu-grey.webp?v=1786444833
Cloud Walk Multicolor,cloud-walk-muliticolors-edition-all-day-barefoot-comfort-with-style,8427952242880,cloud-walk-grey-multicolor.webp,800,,inconnu,https://cdn.shopify.com/s/files/1/0720/8163/7568/files/cloud-walk-grey-multicolor.webp?v=1773983251
Cloud Walk Multicolor,cloud-walk-muliticolors-edition-all-day-barefoot-comfort-with-style,8427952242880,nimbao-w2-7e5aa047-mu-blue.webp,1080,Cloud Walk Multicolor Blue Multicolor,inconnu,https://cdn.shopify.com/s/files/1/0720/8163/7568/files/nimbao-w2-7e5aa047-mu-blue.webp?v=1786444833
Cloud Walk Multicolor,cloud-walk-muliticolors-edition-all-day-barefoot-comfort-with-style,8427952242880,cloud-walk-blue-multicolor.webp,800,,inconnu,https://cdn.shopify.com/s/files/1/0720/8163/7568/files/cloud-walk-blue-multicolor.webp?v=1773983251
Cloud Walk Multicolor,cloud-walk-muliticolors-edition-all-day-barefoot-comfort-with-style,8427952242880,nimbao-w2-c3cc0768-mu-purple.webp,1080,Cloud Walk Multicolor Purple Multicolor,inconnu,https://cdn.shopify.com/s/files/1/0720/8163/7568/files/nimbao-w2-c3cc0768-mu-purple.webp?v=1786444833
Cloud Walk Multicolor,cloud-walk-muliticolors-edition-all-day-barefoot-comfort-with-style,8427952242880,cloud-walk-purple-multicolor.webp,800,,inconnu,https://cdn.shopify.com/s/files/1/0720/8163/7568/files/cloud-walk-purple-multicolor.webp?v=1773983251
Cloud Walk Multicolor,cloud-walk-muliticolors-edition-all-day-barefoot-comfort-with-style,8427952242880,nimbao-w2-4880e0ad-mu-pink.webp,1080,Cloud Walk Multicolor Pink Multicolor,inconnu,https://cdn.shopify.com/s/files/1/0720/8163/7568/files/nimbao-w2-4880e0ad-mu-pink.webp?v=1786444832
Cloud Walk Multicolor,cloud-walk-muliticolors-edition-all-day-barefoot-comfort-with-style,8427952242880,cloud-walk-pink-multicolor.webp,800,,inconnu,https://cdn.shopify.com/s/files/1/0720/8163/7568/files/cloud-walk-pink-multicolor.webp?v=1773983251
Cloud Walk Multicolor,cloud-walk-muliticolors-edition-all-day-barefoot-comfort-with-style,8427952242880,nimbao-w2-327daabf-mu-pastel-love.webp,1080,Cloud Walk Multicolor Pastel Love,inconnu,https://cdn.shopify.com/s/files/1/0720/8163/7568/files/nimbao-w2-327daabf-mu-pastel-love.webp?v=1786444832
Cloud Walk Multicolor,cloud-walk-muliticolors-edition-all-day-barefoot-comfort-with-style,8427952242880,nimbao-w2-058df7b4-mu-pink-salmon.webp,1000,Cloud Walk Multicolor Pink Salmon,inconnu,https://cdn.shopify.com/s/files/1/0720/8163/7568/files/nimbao-w2-058df7b4-mu-pink-salmon.webp?v=1786444833
Cloud Walk Multicolor,cloud-walk-muliticolors-edition-all-day-barefoot-comfort-with-style,8427952242880,cloud-walk-salmon-pink_a7c82ea0-de1d-4d7c-a811-036188855a69.webp,800,,inconnu,https://cdn.shopify.com/s/files/1/0720/8163/7568/files/cloud-walk-salmon-pink_a7c82ea0-de1d-4d7c-a811-036188855a69.webp?v=1774254935
Cloud Walk Multicolor,cloud-walk-muliticolors-edition-all-day-barefoot-comfort-with-style,8427952242880,nimbao-w2-7d85e471-mu-full-white.webp,1000,Cloud Walk Multicolor Full White,inconnu,https://cdn.shopify.com/s/files/1/0720/8163/7568/files/nimbao-w2-7d85e471-mu-full-white.webp?v=1786444833
Cloud Walk Multicolor,cloud-walk-muliticolors-edition-all-day-barefoot-comfort-with-style,8427952242880,cloud-walk-full-white_54a61c06-e47a-464d-bd20-2979c3c3aecd.webp,800,,inconnu,https://cdn.shopify.com/s/files/1/0720/8163/7568/files/cloud-walk-full-white_54a61c06-e47a-464d-bd20-2979c3c3aecd.webp?v=1774254935
Cloud Walk Multicolor,cloud-walk-muliticolors-edition-all-day-barefoot-comfort-with-style,8427952242880,nimbao-w2-a8f63922-mu-pastel-pink.webp,1000,Cloud Walk Multicolor Pastel Pink,inconnu,https://cdn.shopify.com/s/files/1/0720/8163/7568/files/nimbao-w2-a8f63922-mu-pastel-pink.webp?v=1786444833
Cloud Walk Multicolor,cloud-walk-muliticolors-edition-all-day-barefoot-comfort-with-style,8427952242880,nimbao-w2-e3e6107b-mu-pink-romance.webp,1080,Cloud Walk Multicolor Pink Romance,inconnu,https://cdn.shopify.com/s/files/1/0720/8163/7568/files/nimbao-w2-e3e6107b-mu-pink-romance.webp?v=1786444833
Cloud Walk Multicolor,cloud-walk-muliticolors-edition-all-day-barefoot-comfort-with-style,8427952242880,nimbao-w2-880c431c-mu-full-black.webp,1000,Cloud Walk Multicolor Full Black,inconnu,https://cdn.shopify.com/s/files/1/0720/8163/7568/files/nimbao-w2-880c431c-mu-full-black.webp?v=1786444833
Cloud Walk Multicolor,cloud-walk-muliticolors-edition-all-day-barefoot-comfort-with-style,8427952242880,cloud-walk-ful-black_2d8a0d78-c68d-4bef-862a-6051d860a97f.webp,800,,inconnu,https://cdn.shopify.com/s/files/1/0720/8163/7568/files/cloud-walk-ful-black_2d8a0d78-c68d-4bef-862a-6051d860a97f.webp?v=1776400094
Cloud Walk Multicolor,cloud-walk-muliticolors-edition-all-day-barefoot-comfort-with-style,8427952242880,nimbao-w2-e404c6a1-mu-black-amber.webp,1000,Cloud Walk Multicolor Black / Amber,inconnu,https://cdn.shopify.com/s/files/1/0720/8163/7568/files/nimbao-w2-e404c6a1-mu-black-amber.webp?v=1786444833
Cloud Walk Multicolor,cloud-walk-muliticolors-edition-all-day-barefoot-comfort-with-style,8427952242880,cloud-walk-black-amber_f2cd3686-9e29-419f-a449-919a8bb7ed40.webp,800,,inconnu,https://cdn.shopify.com/s/files/1/0720/8163/7568/files/cloud-walk-black-amber_f2cd3686-9e29-419f-a449-919a8bb7ed40.webp?v=1776400094
Cloud Walk Summer,cloud-walk-summer,8564176453824,lemon_8c58cd42-8f5a-4989-b903-8aa81168b59a.webp,1080,,inconnu,https://cdn.shopify.com/s/files/1/0720/8163/7568/files/lemon_8c58cd42-8f5a-4989-b903-8aa81168b59a.webp?v=1777432011
Cloud Walk Summer,cloud-walk-summer,8564176453824,Lemon_3d8b895a-9a17-43fb-81bc-33c8c8d500c3.webp,1080,,inconnu,https://cdn.shopify.com/s/files/1/0720/8163/7568/files/Lemon_3d8b895a-9a17-43fb-81bc-33c8c8d500c3.webp?v=1777364502
Cloud Walk Summer,cloud-walk-summer,8564176453824,Strawberry_Milk_d93429ba-7ff6-41cb-a0cb-52e3435eb8c2.webp,1080,,inconnu,https://cdn.shopify.com/s/files/1/0720/8163/7568/files/Strawberry_Milk_d93429ba-7ff6-41cb-a0cb-52e3435eb8c2.webp?v=1777432011
Cloud Walk Summer,cloud-walk-summer,8564176453824,Strawberry_Milk.webp,1080,,inconnu,https://cdn.shopify.com/s/files/1/0720/8163/7568/files/Strawberry_Milk.webp?v=1777364502
Cloud Walk Summer,cloud-walk-summer,8564176453824,cream_c9e94bcd-9701-49ff-9299-d9015484b659.webp,1080,,inconnu,https://cdn.shopify.com/s/files/1/0720/8163/7568/files/cream_c9e94bcd-9701-49ff-9299-d9015484b659.webp?v=1777432726
Cloud Walk Summer,cloud-walk-summer,8564176453824,Cream_c324143d-1731-4feb-8855-7aa70280e588.webp,1080,,inconnu,https://cdn.shopify.com/s/files/1/0720/8163/7568/files/Cream_c324143d-1731-4feb-8855-7aa70280e588.webp?v=1777364502
Cloud Walk Summer,cloud-walk-summer,8564176453824,Turquoise_b656e357-83f3-4ade-bd8b-d583a93f1004.webp,1080,,inconnu,https://cdn.shopify.com/s/files/1/0720/8163/7568/files/Turquoise_b656e357-83f3-4ade-bd8b-d583a93f1004.webp?v=1777432011
Cloud Walk Summer,cloud-walk-summer,8564176453824,Turquoise_20781f4c-4156-4374-bd32-4658e4d26c1f.webp,1080,,inconnu,https://cdn.shopify.com/s/files/1/0720/8163/7568/files/Turquoise_20781f4c-4156-4374-bd32-4658e4d26c1f.webp?v=1777364502
Cloud Walk Summer,cloud-walk-summer,8564176453824,lavender_f81e8fe2-33b3-4f4f-9ecd-ec096242fe90.webp,1080,,inconnu,https://cdn.shopify.com/s/files/1/0720/8163/7568/files/lavender_f81e8fe2-33b3-4f4f-9ecd-ec096242fe90.webp?v=1777432011
Cloud Walk Summer,cloud-walk-summer,8564176453824,Purple_678448f1-ec49-4726-a288-96d55e12fc42.webp,1080,,inconnu,https://cdn.shopify.com/s/files/1/0720/8163/7568/files/Purple_678448f1-ec49-4726-a288-96d55e12fc42.webp?v=1777364503
Cloud Walk Summer,cloud-walk-summer,8564176453824,Mint_01aa9729-91a1-46c9-910f-55a0a4a10c29.webp,1080,,inconnu,https://cdn.shopify.com/s/files/1/0720/8163/7568/files/Mint_01aa9729-91a1-46c9-910f-55a0a4a10c29.webp?v=1777432011
Cloud Walk Summer,cloud-walk-summer,8564176453824,Mint_7f5d6fb6-b233-4f09-b461-ddea6ec8de51.webp,1080,,inconnu,https://cdn.shopify.com/s/files/1/0720/8163/7568/files/Mint_7f5d6fb6-b233-4f09-b461-ddea6ec8de51.webp?v=1777364502
Cloud Walk Summer,cloud-walk-summer,8564176453824,peach_42ac178d-c262-4523-b430-992bc52019d3.webp,1080,,inconnu,https://cdn.shopify.com/s/files/1/0720/8163/7568/files/peach_42ac178d-c262-4523-b430-992bc52019d3.webp?v=1777432011
Cloud Walk Summer,cloud-walk-summer,8564176453824,peach_6f022897-b470-401d-9b98-26892466f85a.webp,1080,,inconnu,https://cdn.shopify.com/s/files/1/0720/8163/7568/files/peach_6f022897-b470-401d-9b98-26892466f85a.webp?v=1777450988
Cloud Walk Summer,cloud-walk-summer,8564176453824,grey_stone_06747eec-e71d-4d7c-a300-d7c273c3c018.webp,1080,,inconnu,https://cdn.shopify.com/s/files/1/0720/8163/7568/files/grey_stone_06747eec-e71d-4d7c-a300-d7c273c3c018.webp?v=1777432011
Cloud Walk Summer,cloud-walk-summer,8564176453824,grey_stone.webp,1080,,inconnu,https://cdn.shopify.com/s/files/1/0720/8163/7568/files/grey_stone.webp?v=1777364502
Cloud Walk Summer,cloud-walk-summer,8564176453824,blueberry_73eefe65-928a-4f25-8fbc-8bd14d9cb0b9.webp,1080,,inconnu,https://cdn.shopify.com/s/files/1/0720/8163/7568/files/blueberry_73eefe65-928a-4f25-8fbc-8bd14d9cb0b9.webp?v=1777432011
Cloud Walk Summer,cloud-walk-summer,8564176453824,Blueberry_340864fc-91f3-41e9-9967-c4712a58952d.webp,1080,,inconnu,https://cdn.shopify.com/s/files/1/0720/8163/7568/files/Blueberry_340864fc-91f3-41e9-9967-c4712a58952d.webp?v=1777364502
Cloud Walk Summer,cloud-walk-summer,8564176453824,apricot_cfb15cda-df66-4de0-bf37-e7b61acb5c47.webp,1080,,inconnu,https://cdn.shopify.com/s/files/1/0720/8163/7568/files/apricot_cfb15cda-df66-4de0-bf37-e7b61acb5c47.webp?v=1777432011
Cloud Walk Summer,cloud-walk-summer,8564176453824,apricot_f11ea1f3-54ce-481b-b18c-5cf4711c10d0.webp,1080,,inconnu,https://cdn.shopify.com/s/files/1/0720/8163/7568/files/apricot_f11ea1f3-54ce-481b-b18c-5cf4711c10d0.webp?v=1777364502
Cloud Walk Sova,cloud-walk-sova,8675013624000,cwcozy_pack_white_caramel_1f2ecff3-86e5-4a0c-a8e9-af957eea8a9e.webp,1600,Cloud Walk Cozy White Coffee,packshot,https://cdn.shopify.com/s/files/1/0720/8163/7568/files/cwcozy_pack_white_caramel_1f2ecff3-86e5-4a0c-a8e9-af957eea8a9e.webp?v=1786259790
Cloud Walk Sova,cloud-walk-sova,8675013624000,cwcozy_life_white_caramel_v3_b38dc810-5f3e-4167-82d6-26d8c9c7810f.webp,1600,Cloud Walk Cozy White Coffee lifestyle,lifestyle,https://cdn.shopify.com/s/files/1/0720/8163/7568/files/cwcozy_life_white_caramel_v3_b38dc810-5f3e-4167-82d6-26d8c9c7810f.webp?v=1786331103
Cloud Walk Sova,cloud-walk-sova,8675013624000,cwcozy_pack_white_pink_c5d10dad-be8e-4434-9f03-824b2b3ec7ea.webp,1600,Cloud Walk Cozy White Pink,packshot,https://cdn.shopify.com/s/files/1/0720/8163/7568/files/cwcozy_pack_white_pink_c5d10dad-be8e-4434-9f03-824b2b3ec7ea.webp?v=1786259790
Cloud Walk Sova,cloud-walk-sova,8675013624000,cwcozy_life_white_pink_v4_214e348a-47e6-4a64-b05c-fd15e55cb97e.webp,1600,Cloud Walk Cozy White Pink lifestyle,lifestyle,https://cdn.shopify.com/s/files/1/0720/8163/7568/files/cwcozy_life_white_pink_v4_214e348a-47e6-4a64-b05c-fd15e55cb97e.webp?v=1786334135
Cloud Walk Sova,cloud-walk-sova,8675013624000,cwcozy_pack_turquoise_a2b84bae-2f3c-4767-8a99-e49b5d800ff8.webp,1600,Cloud Walk Cozy Turquoise,packshot,https://cdn.shopify.com/s/files/1/0720/8163/7568/files/cwcozy_pack_turquoise_a2b84bae-2f3c-4767-8a99-e49b5d800ff8.webp?v=1786259790
Cloud Walk Sova,cloud-walk-sova,8675013624000,cwcozy_life_turquoise_v3_dbaa9764-7ee4-431a-9517-b4a505dead0c.webp,1600,Cloud Walk Cozy Turquoise lifestyle,lifestyle,https://cdn.shopify.com/s/files/1/0720/8163/7568/files/cwcozy_life_turquoise_v3_dbaa9764-7ee4-431a-9517-b4a505dead0c.webp?v=1786331103
Cloud Walk Sova,cloud-walk-sova,8675013624000,cwcozy_pack_white_polka_bc5289fe-1b44-42e0-b630-3962d2af1e78.webp,1600,Cloud Walk Cozy White Polka,packshot,https://cdn.shopify.com/s/files/1/0720/8163/7568/files/cwcozy_pack_white_polka_bc5289fe-1b44-42e0-b630-3962d2af1e78.webp?v=1786259790
Cloud Walk Sova,cloud-walk-sova,8675013624000,cwcozy_life_white_polka_v3_45e2cf9c-8a12-4689-9809-aa7d7d28765e.webp,1600,Cloud Walk Cozy White Polka lifestyle,lifestyle,https://cdn.shopify.com/s/files/1/0720/8163/7568/files/cwcozy_life_white_polka_v3_45e2cf9c-8a12-4689-9809-aa7d7d28765e.webp?v=1786331104
Cloud Walk Sova,cloud-walk-sova,8675013624000,cwcozy_pack_black_v6_c29e0dd3-32bc-472d-a5d4-f93dac7d97ce.webp,2048,Cloud Walk Cozy Black,packshot,https://cdn.shopify.com/s/files/1/0720/8163/7568/files/cwcozy_pack_black_v6_c29e0dd3-32bc-472d-a5d4-f93dac7d97ce.webp?v=1786346436
Cloud Walk Sova,cloud-walk-sova,8675013624000,cwcozy_life_black_v6_f3e26ad6-d218-44cf-a749-03e21b410cac.webp,2048,Cloud Walk Cozy Black lifestyle,lifestyle,https://cdn.shopify.com/s/files/1/0720/8163/7568/files/cwcozy_life_black_v6_f3e26ad6-d218-44cf-a749-03e21b410cac.webp?v=1786346436
Cloud Walk Sova,cloud-walk-sova,8675013624000,cwcozy_pack_light_grey_v3_e8879561-b05e-43e4-990f-543e45842936.webp,1200,Cloud Walk Cozy Light Grey,packshot,https://cdn.shopify.com/s/files/1/0720/8163/7568/files/cwcozy_pack_light_grey_v3_e8879561-b05e-43e4-990f-543e45842936.webp?v=1786331103
Cloud Walk Sova,cloud-walk-sova,8675013624000,cwcozy_life_light_grey_v3_17ac2ff4-dfc7-426f-aa22-04af88a50519.webp,1600,Cloud Walk Cozy Light Grey lifestyle,lifestyle,https://cdn.shopify.com/s/files/1/0720/8163/7568/files/cwcozy_life_light_grey_v3_17ac2ff4-dfc7-426f-aa22-04af88a50519.webp?v=1786331104
Cloud Walk Sova,cloud-walk-sova,8675013624000,cwcozy_pack_dark_grey_v3_cfa8e878-b6e7-4c1a-a975-42be925507ec.webp,1400,Cloud Walk Cozy Dark Grey,packshot,https://cdn.shopify.com/s/files/1/0720/8163/7568/files/cwcozy_pack_dark_grey_v3_cfa8e878-b6e7-4c1a-a975-42be925507ec.webp?v=1786331103
Cloud Walk Sova,cloud-walk-sova,8675013624000,cwcozy_life_dark_grey_v3_b3a2efa4-d3c2-4e74-a455-cc9625b950ef.webp,1600,Cloud Walk Cozy Dark Grey lifestyle,lifestyle,https://cdn.shopify.com/s/files/1/0720/8163/7568/files/cwcozy_life_dark_grey_v3_b3a2efa4-d3c2-4e74-a455-cc9625b950ef.webp?v=1786331103
Cloud Walk Sova,cloud-walk-sova,8675013624000,cwcozy_pack_beige_v5_22b97beb-7470-42ac-a6a3-a031f14dd942.webp,1600,Cloud Walk Cozy Beige,packshot,https://cdn.shopify.com/s/files/1/0720/8163/7568/files/cwcozy_pack_beige_v5_22b97beb-7470-42ac-a6a3-a031f14dd942.webp?v=1786336091
Cloud Walk Sova,cloud-walk-sova,8675013624000,cwcozy_life_beige_v4_9915a1a2-420f-4cfa-91f7-bce949e5547d.webp,1600,Cloud Walk Cozy Beige lifestyle,lifestyle,https://cdn.shopify.com/s/files/1/0720/8163/7568/files/cwcozy_life_beige_v4_9915a1a2-420f-4cfa-91f7-bce949e5547d.webp?v=1786334135
Cloud Walk Sova,cloud-walk-sova,8675013624000,cwcozy_pack_navy_blue_760fd9d6-2934-4bef-a898-033aab63b94a.webp,1600,Cloud Walk Cozy Navy Blue,packshot,https://cdn.shopify.com/s/files/1/0720/8163/7568/files/cwcozy_pack_navy_blue_760fd9d6-2934-4bef-a898-033aab63b94a.webp?v=1786259791
Cloud Walk Sova,cloud-walk-sova,8675013624000,cwcozy_life_navy_blue_v3_1e93d381-3c8f-48e3-b883-f3446a46f694.webp,1600,Cloud Walk Cozy Navy Blue lifestyle,lifestyle,https://cdn.shopify.com/s/files/1/0720/8163/7568/files/cwcozy_life_navy_blue_v3_1e93d381-3c8f-48e3-b883-f3446a46f694.webp?v=1786331103
Cloud Walk Vela,cloud-walk-vela,8675013656768,cwsport_pack_white_black_sole_53931374-fe08-455c-a0d7-c34d0954c86e.webp,1600,Cloud Walk Breeze White Black,packshot,https://cdn.shopify.com/s/files/1/0720/8163/7568/files/cwsport_pack_white_black_sole_53931374-fe08-455c-a0d7-c34d0954c86e.webp?v=1786259791
Cloud Walk Vela,cloud-walk-vela,8675013656768,cwsport_life_white_black_sole_v3_01102871-bdf0-482e-84a0-3459c80363f7.webp,1600,Cloud Walk Breeze White Black lifestyle,lifestyle,https://cdn.shopify.com/s/files/1/0720/8163/7568/files/cwsport_life_white_black_sole_v3_01102871-bdf0-482e-84a0-3459c80363f7.webp?v=1786331115
Cloud Walk Vela,cloud-walk-vela,8675013656768,cwsport_pack_black_v5_85f0d54d-9c69-4748-87d6-92309906e687.webp,1600,Cloud Walk Breeze Black,packshot,https://cdn.shopify.com/s/files/1/0720/8163/7568/files/cwsport_pack_black_v5_85f0d54d-9c69-4748-87d6-92309906e687.webp?v=1786336102
Cloud Walk Vela,cloud-walk-vela,8675013656768,cwsport_life_black_v4_f9c74694-48e3-40bd-8d93-489e7475bb8f.webp,1600,Cloud Walk Breeze Black lifestyle,lifestyle,https://cdn.shopify.com/s/files/1/0720/8163/7568/files/cwsport_life_black_v4_f9c74694-48e3-40bd-8d93-489e7475bb8f.webp?v=1786334145
Cloud Walk Vela,cloud-walk-vela,8675013656768,cwsport_pack_sage_olive_v3_15838d80-8f2b-43a0-97f1-5986e9b3e049.webp,1600,Cloud Walk Breeze Sage Olive,packshot,https://cdn.shopify.com/s/files/1/0720/8163/7568/files/cwsport_pack_sage_olive_v3_15838d80-8f2b-43a0-97f1-5986e9b3e049.webp?v=1786331115
Cloud Walk Vela,cloud-walk-vela,8675013656768,cwsport_life_sage_olive_v3_62505662-3a79-48e6-a336-16e3c350dc3c.webp,1400,Cloud Walk Breeze Sage Olive lifestyle,lifestyle,https://cdn.shopify.com/s/files/1/0720/8163/7568/files/cwsport_life_sage_olive_v3_62505662-3a79-48e6-a336-16e3c350dc3c.webp?v=1786331115
Cloud Walk Vela,cloud-walk-vela,8675013656768,cwsport_pack_dark_grey_2043b919-4bd2-49ce-9fe9-255512f90f51.webp,1400,Cloud Walk Breeze Dark Grey,packshot,https://cdn.shopify.com/s/files/1/0720/8163/7568/files/cwsport_pack_dark_grey_2043b919-4bd2-49ce-9fe9-255512f90f51.webp?v=1786259791
Cloud Walk Vela,cloud-walk-vela,8675013656768,cwsport_life_dark_grey_v4_d7a47277-f6ba-447e-9a5d-945d1c481fbf.webp,1600,Cloud Walk Breeze Dark Grey lifestyle,lifestyle,https://cdn.shopify.com/s/files/1/0720/8163/7568/files/cwsport_life_dark_grey_v4_d7a47277-f6ba-447e-9a5d-945d1c481fbf.webp?v=1786334145
Cloud Walk Vela,cloud-walk-vela,8675013656768,cwsport_pack_pink_peach_6c132e69-561e-44bd-80dd-3cb3f2c5d22b.webp,1600,Cloud Walk Breeze Pink Peach,packshot,https://cdn.shopify.com/s/files/1/0720/8163/7568/files/cwsport_pack_pink_peach_6c132e69-561e-44bd-80dd-3cb3f2c5d22b.webp?v=1786259791
Cloud Walk Vela,cloud-walk-vela,8675013656768,cwsport_life_pink_peach_v6_eaafb3ba-d47b-4a94-9b16-0828be570df6.webp,2048,Cloud Walk Breeze Pink Peach lifestyle,lifestyle,https://cdn.shopify.com/s/files/1/0720/8163/7568/files/cwsport_life_pink_peach_v6_eaafb3ba-d47b-4a94-9b16-0828be570df6.webp?v=1786346442
Cloud Walk Vela,cloud-walk-vela,8675013656768,cwsport_pack_cream_ivory_149ba40b-bfd3-434d-b298-59aafc63ba14.webp,1600,Cloud Walk Breeze Cream Ivory,packshot,https://cdn.shopify.com/s/files/1/0720/8163/7568/files/cwsport_pack_cream_ivory_149ba40b-bfd3-434d-b298-59aafc63ba14.webp?v=1786259791
Cloud Walk Vela,cloud-walk-vela,8675013656768,cwsport_life_cream_ivory_v4_94b5393e-fa11-4f9f-a6af-5dd784cde19c.webp,1600,Cloud Walk Breeze Cream Ivory lifestyle,lifestyle,https://cdn.shopify.com/s/files/1/0720/8163/7568/files/cwsport_life_cream_ivory_v4_94b5393e-fa11-4f9f-a6af-5dd784cde19c.webp?v=1786334145
Cloud Walk Vela,cloud-walk-vela,8675013656768,cwsport_pack_white_brown_sole_efd83609-b18b-4396-be89-adbd536c86f7.webp,1600,Cloud Walk Breeze White Brown,packshot,https://cdn.shopify.com/s/files/1/0720/8163/7568/files/cwsport_pack_white_brown_sole_efd83609-b18b-4396-be89-adbd536c86f7.webp?v=1786259791
Cloud Walk Vela,cloud-walk-vela,8675013656768,cwsport_life_white_brown_sole_v3_ac8915b0-df9a-48d2-bd89-388437eb3fda.webp,1600,Cloud Walk Breeze White Brown lifestyle,lifestyle,https://cdn.shopify.com/s/files/1/0720/8163/7568/files/cwsport_life_white_brown_sole_v3_ac8915b0-df9a-48d2-bd89-388437eb3fda.webp?v=1786331115
Cloud Walk Vela,cloud-walk-vela,8675013656768,cwsport_pack_red_9cf804c7-3a5a-4099-9377-c9e6f9a579be.webp,1600,Cloud Walk Breeze Red,packshot,https://cdn.shopify.com/s/files/1/0720/8163/7568/files/cwsport_pack_red_9cf804c7-3a5a-4099-9377-c9e6f9a579be.webp?v=1786259791
Cloud Walk Vela,cloud-walk-vela,8675013656768,cwsport_life_red_v3_7ea3036a-c7d2-4420-8207-74e8f03fe73f.webp,1600,Cloud Walk Breeze Red lifestyle,lifestyle,https://cdn.shopify.com/s/files/1/0720/8163/7568/files/cwsport_life_red_v3_7ea3036a-c7d2-4420-8207-74e8f03fe73f.webp?v=1786331115
Cloud Walk Classic (v2),cloud-walk2-classic-wide-toe-box-shoes-for-pain-free-walking,8543901286592,Navy_Blue.webp,2048,,inconnu,https://cdn.shopify.com/s/files/1/0720/8163/7568/files/Navy_Blue.webp?v=1774339323
Cloud Walk Classic (v2),cloud-walk2-classic-wide-toe-box-shoes-for-pain-free-walking,8543901286592,Black_White.webp,2048,,inconnu,https://cdn.shopify.com/s/files/1/0720/8163/7568/files/Black_White.webp?v=1774339323
Cloud Walk Classic (v2),cloud-walk2-classic-wide-toe-box-shoes-for-pain-free-walking,8543901286592,cloud_walk_black.webp,1000,,inconnu,https://cdn.shopify.com/s/files/1/0720/8163/7568/files/cloud_walk_black.webp?v=1776400094
Cloud Walk Classic (v2),cloud-walk2-classic-wide-toe-box-shoes-for-pain-free-walking,8543901286592,Forest_Green.webp,2048,,inconnu,https://cdn.shopify.com/s/files/1/0720/8163/7568/files/Forest_Green.webp?v=1773736480
Cloud Walk Classic (v2),cloud-walk2-classic-wide-toe-box-shoes-for-pain-free-walking,8543901286592,cloudwalk9.webp,2048,,inconnu,https://cdn.shopify.com/s/files/1/0720/8163/7568/files/cloudwalk9.webp?v=1773736618
Cloud Walk Classic (v2),cloud-walk2-classic-wide-toe-box-shoes-for-pain-free-walking,8543901286592,barefootshoesblack.png,1024,,inconnu,https://cdn.shopify.com/s/files/1/0720/8163/7568/files/barefootshoesblack.png?v=1776400094
Cloud Walk Classic (v2),cloud-walk2-classic-wide-toe-box-shoes-for-pain-free-walking,8543901286592,Caramel_White.webp,2048,,inconnu,https://cdn.shopify.com/s/files/1/0720/8163/7568/files/Caramel_White.webp?v=1773737237
Cloud Walk Classic (v2),cloud-walk2-classic-wide-toe-box-shoes-for-pain-free-walking,8543901286592,barefootshoesgrey.png,1024,,inconnu,https://cdn.shopify.com/s/files/1/0720/8163/7568/files/barefootshoesgrey.png?v=1776399848
Cloud Walk Classic (v2),cloud-walk2-classic-wide-toe-box-shoes-for-pain-free-walking,8543901286592,BarefootshoesOlivegreen.png,1024,,inconnu,https://cdn.shopify.com/s/files/1/0720/8163/7568/files/BarefootshoesOlivegreen.png?v=1776399848
Cloud Walk Classic (v2),cloud-walk2-classic-wide-toe-box-shoes-for-pain-free-walking,8543901286592,barefootshoeskhakigreen.webp,1024,,inconnu,https://cdn.shopify.com/s/files/1/0720/8163/7568/files/barefootshoeskhakigreen.webp?v=1776399848
Cloud Walk Classic (v2),cloud-walk2-classic-wide-toe-box-shoes-for-pain-free-walking,8543901286592,Espresso_Brown.webp,2048,,inconnu,https://cdn.shopify.com/s/files/1/0720/8163/7568/files/Espresso_Brown.webp?v=1776399848
Cloud Walk Classic (v2),cloud-walk2-classic-wide-toe-box-shoes-for-pain-free-walking,8543901286592,barefoot_could_walk_full_white_e171eb44-ab2c-4e07-8a44-843cb1f49e6a.webp,1024,,inconnu,https://cdn.shopify.com/s/files/1/0720/8163/7568/files/barefoot_could_walk_full_white_e171eb44-ab2c-4e07-8a44-843cb1f49e6a.webp?v=1776399848
Cloud Walk Classic (v2),cloud-walk2-classic-wide-toe-box-shoes-for-pain-free-walking,8543901286592,Gemini_Generated_Image_vllz7dvllz7dvllz.png,1024,,inconnu,https://cdn.shopify.com/s/files/1/0720/8163/7568/files/Gemini_Generated_Image_vllz7dvllz7dvllz.png?v=1776399848
Cloud Walk Classic (v2),cloud-walk2-classic-wide-toe-box-shoes-for-pain-free-walking,8543901286592,Cloudwalkterracota.webp,2048,,inconnu,https://cdn.shopify.com/s/files/1/0720/8163/7568/files/Cloudwalkterracota.webp?v=1776398731
Cloud Walk Classic (v2),cloud-walk2-classic-wide-toe-box-shoes-for-pain-free-walking,8543901286592,cloudwalkterracotta1.webp,2048,,inconnu,https://cdn.shopify.com/s/files/1/0720/8163/7568/files/cloudwalkterracotta1.webp?v=1776398731
Cloud Walk Multicolor (v2),cloud-walk2-multicolor-wide-toe-box-shoes-for-pain-free-walking,8543901974720,BluePinkMulticolor.webp,1000,,inconnu,https://cdn.shopify.com/s/files/1/0720/8163/7568/files/BluePinkMulticolor.webp?v=1768280405
Cloud Walk Multicolor (v2),cloud-walk2-multicolor-wide-toe-box-shoes-for-pain-free-walking,8543901974720,Multicolor.webp,1024,,inconnu,https://cdn.shopify.com/s/files/1/0720/8163/7568/files/Multicolor.webp?v=1773740648
Cloud Walk Multicolor (v2),cloud-walk2-multicolor-wide-toe-box-shoes-for-pain-free-walking,8543901974720,NavyBlueMulticolor.webp,1000,,inconnu,https://cdn.shopify.com/s/files/1/0720/8163/7568/files/NavyBlueMulticolor.webp?v=1773983251
Cloud Walk Multicolor (v2),cloud-walk2-multicolor-wide-toe-box-shoes-for-pain-free-walking,8543901974720,OrangeMulticolor.webp,1000,,inconnu,https://cdn.shopify.com/s/files/1/0720/8163/7568/files/OrangeMulticolor.webp?v=1773983251
Cloud Walk Multicolor (v2),cloud-walk2-multicolor-wide-toe-box-shoes-for-pain-free-walking,8543901974720,BlackMulticolor.webp,1000,,inconnu,https://cdn.shopify.com/s/files/1/0720/8163/7568/files/BlackMulticolor.webp?v=1773983251
Cloud Walk Multicolor (v2),cloud-walk2-multicolor-wide-toe-box-shoes-for-pain-free-walking,8543901974720,GreyMulticolor.webp,1000,,inconnu,https://cdn.shopify.com/s/files/1/0720/8163/7568/files/GreyMulticolor.webp?v=1773983251
Cloud Walk Multicolor (v2),cloud-walk2-multicolor-wide-toe-box-shoes-for-pain-free-walking,8543901974720,BlueMulticolor.webp,1000,,inconnu,https://cdn.shopify.com/s/files/1/0720/8163/7568/files/BlueMulticolor.webp?v=1773983251
Cloud Walk Multicolor (v2),cloud-walk2-multicolor-wide-toe-box-shoes-for-pain-free-walking,8543901974720,PurpleMulticolor.webp,1000,,inconnu,https://cdn.shopify.com/s/files/1/0720/8163/7568/files/PurpleMulticolor.webp?v=1773983251
Cloud Walk Multicolor (v2),cloud-walk2-multicolor-wide-toe-box-shoes-for-pain-free-walking,8543901974720,PinkMulticolor.webp,1000,,inconnu,https://cdn.shopify.com/s/files/1/0720/8163/7568/files/PinkMulticolor.webp?v=1773983251
Cloud Walk Multicolor (v2),cloud-walk2-multicolor-wide-toe-box-shoes-for-pain-free-walking,8543901974720,valentinesdaycloudwalk3.webp,1024,,inconnu,https://cdn.shopify.com/s/files/1/0720/8163/7568/files/valentinesdaycloudwalk3.webp?v=1773983251
Cloud Walk Multicolor (v2),cloud-walk2-multicolor-wide-toe-box-shoes-for-pain-free-walking,8543901974720,barefoot_shoes_pink_salmonpink_salmon.webp,1024,,inconnu,https://cdn.shopify.com/s/files/1/0720/8163/7568/files/barefoot_shoes_pink_salmonpink_salmon.webp?v=1774339323
Cloud Walk Multicolor (v2),cloud-walk2-multicolor-wide-toe-box-shoes-for-pain-free-walking,8543901974720,cloud_walk_pink.webp,1000,,inconnu,https://cdn.shopify.com/s/files/1/0720/8163/7568/files/cloud_walk_pink.webp?v=1774254935
Cloud Walk Multicolor (v2),cloud-walk2-multicolor-wide-toe-box-shoes-for-pain-free-walking,8543901974720,valentinesdaycloudwalk2.webp,1024,,inconnu,https://cdn.shopify.com/s/files/1/0720/8163/7568/files/valentinesdaycloudwalk2.webp?v=1774254935
